COUNTRY_OF_ORIGIN,YEAR,TOTAL_INT_STUDENTS,POPULATION,PERCENT_POPULATION
Afghanistan,2013,4581,32269592,0.01419602702
Afghanistan,2014,8902,33370804,0.02667601296
Afghanistan,2015,11491,34413603,0.03339086582
Afghanistan,2016,13273,35383028,0.03751233501
Afghanistan,2017,15459,36296111,0.04259133988
Afghanistan,2018,16738,37171922,0.04502861057
Afghanistan,2019,18773,38041757,0.04934840418
Albania,2013,25811,2895092,0.891543343
Albania,2014,38010,2889104,1.315632805
Albania,2015,33834,2880703,1.174504973
Albania,2016,33320,2876101,1.158512862
Albania,2017,32963,2873457,1.147154803
Albania,2018,34058,2866376,1.188190244
Albania,2019,19979,2854191,0.6999881928
Algeria,2013,38514,38140135,0.1009802404
Algeria,2014,37236,38923688,0.09566411076
Algeria,2015,36502,39728020,0.09187973627
Algeria,2016,39082,40551398,0.09637645538
Algeria,2017,46630,41389174,0.1126623112
Algeria,2018,54762,42228415,0.1296804533
Algeria,2019,57045,43053054,0.1324993112
Andorra,2013,2334,80770,2.889686765
Andorra,2014,1653,79213,2.086778685
Andorra,2015,2400,77993,3.077199236
Andorra,2016,2671,77295,3.455592212
Andorra,2017,2771,76997,3.598841513
Andorra,2018,2942,77008,3.820382298
Andorra,2019,2867,77146,3.716330075
Angola,2013,8546,26015786,0.0328492862
Angola,2014,13573,26941773,0.05037901552
Angola,2015,15004,27884380,0.05380790249
Angola,2016,16777,28842482,0.05816767087
Angola,2017,17722,29816769,0.05943635274
Angola,2018,17778,30809787,0.05770244371
Angola,2019,16538,31825299,0.05196494776
Antigua and Barbuda,2013,637,91510,0.696098787
Antigua and Barbuda,2014,733,92562,0.7919016443
Antigua and Barbuda,2015,507,93571,0.5418345428
Antigua and Barbuda,2016,768,94520,0.8125264494
Antigua and Barbuda,2017,784,95425,0.8215876343
Antigua and Barbuda,2018,755,96282,0.7841548784
Antigua and Barbuda,2019,734,97115,0.7558049735
Argentina,2013,11771,42202935,0.02789142509
Argentina,2014,12494,42669500,0.02928086807
Argentina,2015,13599,43131966,0.03152882018
Argentina,2016,14428,43590368,0.03309905528
Argentina,2017,16064,44044811,0.03647194672
Argentina,2018,16242,44494502,0.03650338642
Argentina,2019,17869,44938712,0.03976304439
Armenia,2013,12226,2897593,0.4219364141
Armenia,2014,13166,2912403,0.4520665581
Armenia,2015,13824,2925559,0.4725250798
Armenia,2016,15263,2936147,0.5198309213
Armenia,2017,11120,2944789,0.3776161891
Armenia,2018,12441,2951741,0.4214800689
Armenia,2019,12206,2957728,0.4126816259
Aruba,2013,241,103165,0.2336063587
Aruba,2014,222,103776,0.2139222942
Aruba,2015,175,104339,0.1677225199
Aruba,2016,220,104865,0.2097935441
Aruba,2017,191,105361,0.1812814988
Aruba,2018,314,105846,0.2966574079
Aruba,2019,273,106310,0.2567961622
Australia,2013,20987,23128129,0.09074231642
Australia,2014,21903,23475686,0.09330078789
Australia,2015,22306,23815995,0.09365974422
Australia,2016,23572,24190907,0.09744157174
Australia,2017,24567,24601860,0.0998583034
Australia,2018,24711,24982688,0.09891249492
Australia,2019,24744,25365745,0.0975488794
Austria,2013,29354,8479823,0.3461628857
Austria,2014,33127,8546356,0.3876154937
Austria,2015,33205,8642699,0.3841971125
Austria,2016,34806,8736668,0.3983898667
Austria,2017,37044,8797566,0.4210710099
Austria,2018,41389,8840521,0.4681737649
Austria,2019,42570,8879920,0.4793962108
Azerbaijan,2013,33996,9416801,0.361014319
Azerbaijan,2014,46016,9535079,0.4825969454
Azerbaijan,2015,56817,9649341,0.5888174125
Azerbaijan,2016,60898,9757812,0.6240948278
Azerbaijan,2017,60272,9854033,0.611648043
Azerbaijan,2018,67293,9939771,0.6770075488
Azerbaijan,2019,71120,10024283,0.7094771766
Bahamas,2013,4850,367162,1.320942799
Bahamas,2014,5307,370625,1.431905565
Bahamas,2015,5618,374200,1.501336184
Bahamas,2016,6116,377923,1.618319076
Bahamas,2017,6958,381749,1.822663583
Bahamas,2018,6867,385635,1.780699366
Bahamas,2019,7539,389486,1.935627981
Bahrain,2013,4075,1315029,0.3098790977
Bahrain,2014,4095,1336073,0.3064952289
Bahrain,2015,4255,1371853,0.3101644272
Bahrain,2016,4401,1425793,0.3086703329
Bahrain,2017,4656,1494077,0.3116305251
Bahrain,2018,4993,1569440,0.318138954
Bahrain,2019,5094,1641164,0.3103894553
Bangladesh,2013,35842,152761413,0.02346273139
Bangladesh,2014,41374,154517385,0.02677627505
Bangladesh,2015,42987,156256287,0.02751057306
Bangladesh,2016,46493,157977151,0.02943020538
Bangladesh,2017,49251,159685421,0.03084251505
Bangladesh,2018,54737,161376713,0.03391877241
Bangladesh,2019,63055,163046173,0.03867309415
Barbados,2013,1700,284294,0.5979725214
Barbados,2014,1650,284825,0.5793030808
Barbados,2015,1611,285327,0.5646153361
Barbados,2016,1695,285798,0.5930762287
Barbados,2017,1688,286229,0.5897375877
Barbados,2018,1776,286640,0.6195925202
Barbados,2019,1965,287021,0.6846188955
Belarus,2013,71306,9443211,0.7551033224
Belarus,2014,68982,9448515,0.7300829813
Belarus,2015,56792,9461076,0.6002699904
Belarus,2016,50674,9469379,0.5351354086
Belarus,2017,43869,9458989,0.4637810658
Belarus,2018,44573,9438785,0.4722323901
Belarus,2019,44957,9419758,0.4772627917
Belgium,2013,24010,11159407,0.2151548017
Belgium,2014,25891,11209057,0.2309828561
Belgium,2015,26095,11274196,0.2314577465
Belgium,2016,27405,11331422,0.2418496108
Belgium,2017,29088,11375158,0.2557151294
Belgium,2018,30702,11427054,0.2686781737
Belgium,2019,32212,11488980,0.2803730183
Belize,2013,953,345707,0.2756669665
Belize,2014,1041,353366,0.2945954053
Belize,2015,1005,360926,0.2784504303
Belize,2016,1005,368399,0.2728020434
Belize,2017,1101,375775,0.2929944781
Belize,2018,1108,383071,0.28924142
Belize,2019,1194,390351,0.3058785555
Benin,2013,5223,10004594,0.05220601656
Benin,2014,6079,10286839,0.05909492702
Benin,2015,6424,10575962,0.06074151931
Benin,2016,7185,10872072,0.06608675881
Benin,2017,7831,11175192,0.07007485867
Benin,2018,7950,11485035,0.06922051174
Benin,2019,8359,11801151,0.07083207392
Bermuda,2013,2621,65001,4.032245658
Bermuda,2014,2515,65138,3.861033498
Bermuda,2015,2346,65237,3.596118767
Bermuda,2016,2166,64554,3.355330421
Bermuda,2017,2231,63873,3.492868661
Bermuda,2018,2283,63919,3.571707943
Bermuda,2019,2417,63913,3.781703253
Bhutan,2013,1400,710235,0.1971178554
Bhutan,2014,1683,719053,0.2340578511
Bhutan,2015,1870,727885,0.256908715
Bhutan,2016,2066,736706,0.2804375151
Bhutan,2017,2867,745563,0.3845416149
Bhutan,2018,3884,754396,0.5148489653
Bhutan,2019,5453,763094,0.714590863
Bolivia,2013,7621,10542375,0.07228921377
Bolivia,2014,7261,10706517,0.06781850718
Bolivia,2015,8018,10869732,0.07376446816
Bolivia,2016,8340,11031822,0.0755994794
Bolivia,2017,9193,11192853,0.08213276812
Bolivia,2018,9500,11353140,0.08367729104
Bolivia,2019,9824,11513102,0.0853288714
Bosnia and Herzegovina,2013,8308,3542598,0.2345171538
Bosnia and Herzegovina,2014,8665,3482106,0.2488436596
Bosnia and Herzegovina,2015,9343,3429362,0.2724413462
Bosnia and Herzegovina,2016,10413,3386263,0.3075071251
Bosnia and Herzegovina,2017,11240,3351534,0.3353688192
Bosnia and Herzegovina,2018,11470,3323929,0.345073556
Bosnia and Herzegovina,2019,10559,3300998,0.3198729596
Botswana,2013,2893,2062551,0.1402631983
Botswana,2014,2817,2088619,0.134873809
Botswana,2015,2731,2120716,0.128777262
Botswana,2016,2585,2159925,0.1196800815
Botswana,2017,2548,2205076,0.1155515728
Botswana,2018,2456,2254067,0.1089586068
Botswana,2019,2486,2303703,0.1079132162
Brazil,2013,56205,201035904,0.02795769257
Brazil,2014,63648,202763744,0.03139022724
Brazil,2015,78992,204471759,0.03863222989
Brazil,2016,82379,206163056,0.03995817757
Brazil,2017,87979,207833825,0.0423314155
Brazil,2018,104469,209469320,0.04987317474
Brazil,2019,123262,211049519,0.05840430274
Virgin Islands (British),2013,572,28850,1.982668977
Virgin Islands (British),2014,569,28985,1.963084354
Virgin Islands (British),2015,592,29148,2.031014135
Virgin Islands (British),2016,592,29355,2.016692216
Virgin Islands (British),2017,612,29567,2.069875199
Virgin Islands (British),2018,601,29795,2.017116966
Virgin Islands (British),2019,567,30033,1.887923284
Brunei Darussalam,2013,5706,404414,1.410930383
Brunei Darussalam,2014,5422,409778,1.323155465
Brunei Darussalam,2015,5064,414914,1.220493885
Brunei Darussalam,2016,4787,419791,1.140329354
Brunei Darussalam,2017,4227,424481,0.9958042881
Brunei Darussalam,2018,3691,428960,0.8604531891
Brunei Darussalam,2019,3192,433296,0.7366788523
Bulgaria,2013,45470,7265115,0.6258675878
Bulgaria,2014,47151,7223938,0.6527049374
Bulgaria,2015,47231,7177991,0.6579974815
Bulgaria,2016,46859,7127822,0.657409795
Bulgaria,2017,48967,7075947,0.6920204462
Bulgaria,2018,48895,7025037,0.6960105691
Bulgaria,2019,48331,6975761,0.6928419709
Burkina Faso,2013,4685,17072791,0.02744132462
Burkina Faso,2014,4874,17586029,0.02771518232
Burkina Faso,2015,5358,18110616,0.02958485785
Burkina Faso,2016,5399,18646350,0.02895472841
Burkina Faso,2017,5751,19193236,0.02996368096
Burkina Faso,2018,6007,19751466,0.03041293239
Burkina Faso,2019,6336,20321383,0.03117898029
Burundi,2013,1993,9540302,0.02089032402
Burundi,2014,2205,9844301,0.02239874624
Burundi,2015,2318,10160034,0.02281488428
Burundi,2016,2384,10488002,0.02273073556
Burundi,2017,2603,10827010,0.02404172528
Burundi,2018,2552,11175379,0.02283591456
Burundi,2019,2486,11530577,0.0215600659
Cabo Verde,2013,4659,511740,0.9104232618
Cabo Verde,2014,5786,518276,1.116393582
Cabo Verde,2015,5611,524740,1.069291459
Cabo Verde,2016,6329,531140,1.191587905
Cabo Verde,2017,6277,537499,1.167816126
Cabo Verde,2018,6772,543764,1.245393222
Cabo Verde,2019,8038,549936,1.461624625
Cambodia,2013,4679,15026330,0.03113867458
Cambodia,2014,5487,15274506,0.03592260201
Cambodia,2015,5714,15521435,0.03681360647
Cambodia,2016,6194,15766290,0.03928635082
Cambodia,2017,7089,16009413,0.04428019941
Cambodia,2018,7553,16249795,0.04648058637
Cambodia,2019,8934,16486542,0.0541896536
Cameroon,2013,34521,22077300,0.1563642293
Cameroon,2014,38942,22681853,0.1716879128
Cameroon,2015,39691,23298376,0.1703595135
Cameroon,2016,40962,23926549,0.1711989472
Cameroon,2017,42603,24566070,0.1734221225
Cameroon,2018,42290,25216261,0.1677092413
Cameroon,2019,40862,25876387,0.1579123082
Canada,2013,91278,35082954,0.260177635
Canada,2014,92896,35437435,0.2621408688
Canada,2015,91016,35702908,0.2549260133
Canada,2016,92003,36109487,0.2547889977
Canada,2017,89844,36545236,0.2458432612
Canada,2018,88300,37065084,0.2382295964
Canada,2019,90113,37601230,0.2396543943
Cayman Islands,2013,904,59933,1.508350992
Cayman Islands,2014,2097,60848,3.446292401
Cayman Islands,2015,959,61721,1.553766141
Cayman Islands,2016,961,62564,1.536027108
Cayman Islands,2017,1007,63382,1.588779149
Cayman Islands,2018,1091,64172,1.700118432
Cayman Islands,2019,1140,64948,1.755250354
Central African Republic,2013,973,4447945,0.02187527049
Central African Republic,2014,1085,4464171,0.02430462453
Central African Republic,2015,1231,4493171,0.02739713223
Central African Republic,2016,1341,4537683,0.02955252714
Central African Republic,2017,1415,4596023,0.03078748736
Central African Republic,2018,1304,4666375,0.02794460368
Central African Republic,2019,1335,4745179,0.0281338175
Chad,2013,1331,13220433,0.01006774892
Chad,2014,1512,13663562,0.01106592849
Chad,2015,1673,14110971,0.01185602323
Chad,2016,2003,14561658,0.01375530177
Chad,2017,2405,15016761,0.01601543768
Chad,2018,2941,15477727,0.01900149809
Chad,2019,4504,15946882,0.02824376577
Chile,2013,14583,17571511,0.08299229361
Chile,2014,14832,17758969,0.0835183619
Chile,2015,15016,17969356,0.08356448612
Chile,2016,16305,18209072,0.08954327821
Chile,2017,18173,18470435,0.09838966976
Chile,2018,19664,18729166,0.1049913274
Chile,2019,21149,18952035,0.111592238
China,2013,1304109,1363240000,0.09566246589
China,2014,1423759,1371860000,0.103783112
China,2015,1509685,1379860000,0.1094085632
China,2016,1599698,1387790000,0.1152694572
China,2017,1713212,1396215000,0.1227040248
China,2018,1839544,1402760000,0.1311374718
China,2019,1947447,1407745000,0.1383380513
Colombia,2013,44207,46495492,0.09507803466
Colombia,2014,42248,46967706,0.08995116772
Colombia,2015,44900,47520667,0.09448520577
Colombia,2016,51919,48175048,0.1077715584
Colombia,2017,60342,48909844,0.1233739367
Colombia,2018,64775,49661056,0.1304341978
Colombia,2019,70020,50339443,0.1390956988
Comoros,2013,2593,741511,0.3496913734
Comoros,2014,2828,759390,0.3724041665
Comoros,2015,3060,777435,0.3936020375
Comoros,2016,3172,795597,0.3986943138
Comoros,2017,3226,813890,0.3963680596
Comoros,2018,2911,832322,0.3497444499
Comoros,2019,3134,850891,0.3683197965
Congo (Democratic Republic of the),2013,4566,71358804,0.006398649843
Congo (Democratic Republic of the),2014,5390,73767445,0.007306746221
Congo (Democratic Republic of the),2015,6019,76244532,0.007894336606
Congo (Democratic Republic of the),2016,7238,78789130,0.009186546418
Congo (Democratic Republic of the),2017,8564,81398765,0.01052104415
Congo (Democratic Republic of the),2018,8456,84068092,0.01005851304
Congo (Democratic Republic of the),2019,9030,86790568,0.01040435638
Congo,2013,6127,4622757,0.132539954
Congo,2014,7204,4736965,0.1520804988
Congo,2015,7391,4856093,0.1522005448
Congo,2016,8180,4980996,0.1642241833
Congo,2017,8928,5110701,0.174692278
Congo,2018,9104,5244363,0.1735959162
Congo,2019,9520,5380504,0.1769350975
Costa Rica,2013,3783,4742111,0.07977459827
Costa Rica,2014,3968,4795390,0.08274613744
Costa Rica,2015,4228,4847805,0.08721472914
Costa Rica,2016,4821,4899336,0.09840108945
Costa Rica,2017,5260,4949955,0.1062635923
Costa Rica,2018,5553,4999443,0.1110723735
Costa Rica,2019,5762,5047561,0.114154143
Cote d'Ivoire,2013,10214,22087506,0.04624333775
Cote d'Ivoire,2014,12008,22647672,0.0530209021
Cote d'Ivoire,2015,13737,23226148,0.05914454691
Cote d'Ivoire,2016,15428,23822726,0.06476169016
Cote d'Ivoire,2017,17719,24437475,0.07250749106
Cote d'Ivoire,2018,18876,25069226,0.07529550374
Cote d'Ivoire,2019,21135,25716554,0.08218441709
Croatia,2013,6918,4255689,0.1625588712
Croatia,2014,8114,4238389,0.191440663
Croatia,2015,8673,4203604,0.2063229553
Croatia,2016,9718,4174349,0.2328027676
Croatia,2017,10803,4124531,0.2619206887
Croatia,2018,11441,4087843,0.2798786548
Croatia,2019,11630,4065253,0.2860830556
Cuba,2013,2789,11282722,0.02471921226
Cuba,2014,2433,11306909,0.02151781712
Cuba,2015,2823,11324777,0.02492764317
Cuba,2016,3227,11335108,0.02846907149
Cuba,2017,3740,11339255,0.0329827665
Cuba,2018,3469,11338146,0.0305958311
Cuba,2019,3775,11333484,0.03330838072
CuraÃ§ao,2013,10,153822,0.00650102066
CuraÃ§ao,2014,184,155909,0.1180175615
CuraÃ§ao,2015,208,157980,0.1316622357
CuraÃ§ao,2016,371,159664,0.2323629622
CuraÃ§ao,2017,374,160175,0.2334946153
CuraÃ§ao,2018,409,159336,0.2566902646
CuraÃ§ao,2019,381,157441,0.2419954142
Cyprus,2013,37532,1143866,3.281153562
Cyprus,2014,16757,1152297,1.454225777
Cyprus,2015,46589,1160987,4.012878697
Cyprus,2016,30923,1170189,2.642564577
Cyprus,2017,48014,1179685,4.070069552
Cyprus,2018,52092,1189262,4.380195449
Cyprus,2019,51395,1198574,4.288012255
Czechia,2013,19091,10514272,0.1815722477
Czechia,2014,18847,10525347,0.1790629801
Czechia,2015,19808,10546059,0.1878237169
Czechia,2016,24900,10566332,0.2356541513
Czechia,2017,25657,10594438,0.2421742427
Czechia,2018,24348,10629928,0.2290514103
Czechia,2019,23580,10671870,0.2209547155
Denmark,2013,9222,5614932,0.1642406355
Denmark,2014,9377,5643475,0.1661564905
Denmark,2015,9636,5683483,0.1695439223
Denmark,2016,9537,5728010,0.1664976144
Denmark,2017,10004,5764980,0.173530524
Denmark,2018,11248,5793636,0.1941440574
Denmark,2019,10984,5814422,0.1889095769
Djibouti,2013,2024,883296,0.22914176
Djibouti,2014,2333,898707,0.259595174
Djibouti,2015,2414,913998,0.2641143635
Djibouti,2016,2501,929117,0.2691803078
Djibouti,2017,2647,944100,0.2803728419
Djibouti,2018,2814,958923,0.293454219
Djibouti,2019,3054,973557,0.3136950379
Dominica,2013,737,71019,1.037750461
Dominica,2014,661,71091,0.9297942074
Dominica,2015,608,71175,0.8542325255
Dominica,2016,786,71307,1.102276074
Dominica,2017,830,71460,1.161488945
Dominica,2018,1231,71626,1.718649652
Dominica,2019,855,71808,1.190675134
Dominican Republic,2013,7906,10048226,0.07868055515
Dominican Republic,2014,6241,10165182,0.06139585105
Dominican Republic,2015,6592,10281675,0.06411406702
Dominican Republic,2016,6764,10397738,0.06505261048
Dominican Republic,2017,8177,10513111,0.07777907034
Dominican Republic,2018,7992,10627147,0.07520362709
Dominican Republic,2019,8050,10738957,0.07496072477
Ecuador,2013,16970,15707473,0.1080377474
Ecuador,2014,17814,15951832,0.1116736937
Ecuador,2015,19990,16212022,0.1233035583
Ecuador,2016,27731,16491116,0.1681572066
Ecuador,2017,31861,16785356,0.1898142643
Ecuador,2018,33774,17084359,0.1976895943
Ecuador,2019,33176,17373657,0.1909557671
Egypt,2013,18138,88404652,0.02051701985
Egypt,2014,22662,90424668,0.02506174532
Egypt,2015,25421,92442549,0.02749924172
Egypt,2016,30508,94447071,0.03230168991
Egypt,2017,35568,96442590,0.0368799718
Egypt,2018,41834,98423602,0.04250403272
Egypt,2019,46502,100388076,0.04632223453
El Salvador,2013,4350,6266076,0.06942143696
El Salvador,2014,4366,6295124,0.06935526608
El Salvador,2015,5269,6325121,0.08330275421
El Salvador,2016,6166,6356137,0.09700860759
El Salvador,2017,6339,6388124,0.09923101054
El Salvador,2018,6348,6420740,0.09886710878
El Salvador,2019,6546,6453550,0.1014325449
Equatorial Guinea,2013,1396,1076412,0.1296901187
Equatorial Guinea,2014,1079,1122273,0.09614416457
Equatorial Guinea,2015,1649,1168575,0.1411120382
Equatorial Guinea,2016,1489,1215181,0.1225331864
Equatorial Guinea,2017,1639,1262008,0.1298723938
Equatorial Guinea,2018,1656,1308966,0.1265120714
Equatorial Guinea,2019,1390,1355982,0.1025087354
Eritrea,2013,815,NULL,NULL
Eritrea,2014,902,NULL,NULL
Eritrea,2015,876,NULL,NULL
Eritrea,2016,936,NULL,NULL
Eritrea,2017,1070,NULL,NULL
Eritrea,2018,1227,NULL,NULL
Eritrea,2019,1142,NULL,NULL
Estonia,2013,8237,1317997,0.6249634863
Estonia,2014,8214,1314545,0.6248549878
Estonia,2015,8496,1315407,0.6458837455
Estonia,2016,7902,1315790,0.6005517598
Estonia,2017,7688,1317384,0.5835807935
Estonia,2018,7301,1321977,0.5522788974
Estonia,2019,7137,1326855,0.5378884656
Eswatini,2013,680,1086843,0.06256653445
Eswatini,2014,697,1095022,0.06365168919
Eswatini,2015,659,1104038,0.05968997444
Eswatini,2016,695,1113994,0.06238812776
Eswatini,2017,702,1124808,0.06241065142
Eswatini,2018,739,1136274,0.06503713013
Eswatini,2019,4544,1148133,0.3957729636
Ethiopia,2013,9184,95385793,0.009628268226
Ethiopia,2014,9950,98094264,0.01014330461
Ethiopia,2015,9846,100835453,0.009764422836
Ethiopia,2016,10253,103603461,0.009896387535
Ethiopia,2017,10569,106399926,0.009933277585
Ethiopia,2018,11518,109224410,0.01054526181
Ethiopia,2019,10976,112078727,0.009793116226
Fiji,2013,2244,865602,0.2592415452
Fiji,2014,2749,866447,0.3172727241
Fiji,2015,2094,868632,0.2410687149
Fiji,2016,2090,872406,0.2395673574
Fiji,2017,2512,877460,0.2862808561
Fiji,2018,2068,883490,0.2340716929
Fiji,2019,2346,889955,0.2636088342
Finland,2013,15509,5438972,0.2851457959
Finland,2014,16883,5461512,0.3091268499
Finland,2015,17975,5479531,0.3280390238
Finland,2016,19561,5495303,0.355958534
Finland,2017,21003,5508214,0.3813032682
Finland,2018,21614,5515525,0.3918756601
Finland,2019,21686,5521606,0.3927480519
France,2013,141283,65998685,0.2140694167
France,2014,151427,66312067,0.2283551197
France,2015,163102,66548272,0.2450882571
France,2016,172236,66724104,0.2581316041
France,2017,179932,66918020,0.2688842258
France,2018,189176,67101930,0.2819233366
France,2019,196517,67248926,0.2922232542
Gabon,2013,8127,1817070,0.4472584986
Gabon,2014,8575,1883801,0.4551967007
Gabon,2015,8182,1947690,0.4200873856
Gabon,2016,8574,2007882,0.4270171255
Gabon,2017,8675,2064812,0.4201351019
Gabon,2018,8675,2119275,0.4093380991
Gabon,2019,9228,2172578,0.4247488468
Gambia,2013,1487,1963708,0.07572408932
Gambia,2014,1497,2024037,0.07396109854
Gambia,2015,1421,2085860,0.06812537754
Gambia,2016,1509,2149134,0.07021432819
Gambia,2017,1550,2213900,0.07001219567
Gambia,2018,1582,2280092,0.06938316524
Gambia,2019,1667,2347696,0.0710057861
Georgia,2013,11526,3717668,0.3100330637
Georgia,2014,12107,3719414,0.3255082655
Georgia,2015,12741,3725276,0.3420149272
Georgia,2016,12899,3727505,0.3460491669
Georgia,2017,14396,3728004,0.386158384
Georgia,2018,13184,3726549,0.353785768
Georgia,2019,12496,3720161,0.3358994409
Germany,2013,224592,80645605,0.2784925477
Germany,2014,220258,80982500,0.2719822184
Germany,2015,225188,81686611,0.2756730843
Germany,2016,227166,82348669,0.2758587391
Germany,2017,235453,82657002,0.2848554802
Germany,2018,233641,82905782,0.281815085
Germany,2019,233145,83092962,0.2805833303
Ghana,2013,15088,26607641,0.05670551553
Ghana,2014,16858,27224480,0.06192221119
Ghana,2015,17856,27849203,0.06411673612
Ghana,2016,18681,28481947,0.06558891497
Ghana,2017,20518,29121464,0.07045662265
Ghana,2018,22290,29767108,0.07488130859
Ghana,2019,23276,30417858,0.07652083852
Gibraltar,2013,1500,33694,4.451831187
Gibraltar,2014,1745,33726,5.174049695
Gibraltar,2015,1623,33742,4.810029044
Gibraltar,2016,3474,33738,10.29699449
Gibraltar,2017,1873,33723,5.554072888
Gibraltar,2018,1861,33715,5.519798309
Gibraltar,2019,1891,33706,5.610277102
Greece,2013,51467,10965211,0.469366253
Greece,2014,59648,10892413,0.5476105249
Greece,2015,58473,10820883,0.5403717978
Greece,2016,56083,10775971,0.5204449789
Greece,2017,58803,10754679,0.5467666678
Greece,2018,60393,10732882,0.5626913629
Greece,2019,60112,10721582,0.5606635289
Grenada,2013,646,108172,0.5971970565
Grenada,2014,557,108900,0.5114784206
Grenada,2015,460,109603,0.4196965412
Grenada,2016,519,110263,0.4706927981
Grenada,2017,568,110874,0.5122932338
Grenada,2018,509,111449,0.4567111414
Grenada,2019,448,112002,0.3999928573
Guatemala,2013,3999,15043981,0.02658205963
Guatemala,2014,4220,15306316,0.02757031803
Guatemala,2015,4200,15567419,0.02697942414
Guatemala,2016,4703,15827690,0.0297137485
Guatemala,2017,4750,16087418,0.02952618002
Guatemala,2018,4961,16346950,0.03034816892
Guatemala,2019,5115,16604026,0.03080578168
Guinea,2013,8269,10892821,0.07591238303
Guinea,2014,8138,11150970,0.07298019814
Guinea,2015,8571,11432096,0.07497312829
Guinea,2016,8745,11738434,0.07449886416
Guinea,2017,9427,12067516,0.07811881086
Guinea,2018,9693,12414292,0.07807936208
Guinea,2019,9826,12771246,0.07693846004
Guinea-Bissau,2013,1383,1648259,0.08390671612
Guinea-Bissau,2014,2811,1692433,0.1660922471
Guinea-Bissau,2015,2682,1737207,0.1543857468
Guinea-Bissau,2016,3213,1782434,0.1802591288
Guinea-Bissau,2017,3368,1828146,0.1842303623
Guinea-Bissau,2018,4080,1874304,0.2176808031
Guinea-Bissau,2019,5952,1920917,0.3098520134
Guyana,2013,807,759281,0.1062847615
Guyana,2014,981,763371,0.1285089426
Guyana,2015,922,767433,0.120140781
Guyana,2016,1009,771363,0.1308074149
Guyana,2017,1088,775218,0.1403476183
Guyana,2018,1221,779007,0.1567380011
Guyana,2019,1442,782775,0.1842164096
Haiti,2013,5741,10400672,0.05519835641
Haiti,2014,5960,10549007,0.05649820879
Haiti,2015,6114,10695540,0.05716401416
Haiti,2016,6416,10839976,0.05918832293
Haiti,2017,6463,10982367,0.05884888021
Haiti,2018,7029,11123183,0.06319234341
Haiti,2019,8514,11263079,0.07559211828
Honduras,2013,4695,8798524,0.05336122286
Honduras,2014,4874,8955579,0.05442417514
Honduras,2015,5548,9112904,0.06088070279
Honduras,2016,6179,9270794,0.06665017042
Honduras,2017,6744,9429016,0.07152390027
Honduras,2018,7095,9587523,0.07400243003
Honduras,2019,7555,9746115,0.07751806746
Hong Kong,2013,65533,7178900,0.91285573
Hong Kong,2014,68606,7229500,0.948972958
Hong Kong,2015,71528,7291300,0.9810047591
Hong Kong,2016,73529,7336600,1.002221738
Hong Kong,2017,71957,7391700,0.9734837723
Hong Kong,2018,71878,7451000,0.9646758824
Hong Kong,2019,71244,7507400,0.9489836694
Hungary,2013,16345,9893082,0.1652164614
Hungary,2014,18388,9866468,0.1863686174
Hungary,2015,19923,9843028,0.2024072267
Hungary,2016,21873,9814023,0.2228749617
Hungary,2017,23176,9787966,0.2367805528
Hungary,2018,24077,9775564,0.2462978095
Hungary,2019,24356,9771141,0.2492646458
Iceland,2013,5640,323764,1.742009612
Iceland,2014,5343,327386,1.632018474
Iceland,2015,5135,330815,1.552227076
Iceland,2016,5150,335439,1.5353015
Iceland,2017,5248,343400,1.528246942
Iceland,2018,5700,352721,1.61600812
Iceland,2019,5313,360563,1.473528898
India,2013,296537,1280842119,0.02315172148
India,2014,350152,1295600768,0.02702622665
India,2015,453804,1310152392,0.03463749735
India,2016,535019,1324517250,0.04039350941
India,2017,594368,1338676779,0.0443996646
India,2018,652286,1352642283,0.04822309699
India,2019,803699,1366417756,0.0588179564
Indonesia,2013,56853,251805314,0.02257815735
Indonesia,2014,58732,255128076,0.02302059457
Indonesia,2015,64532,258383257,0.02497530248
Indonesia,2016,68893,261556386,0.026339636
Indonesia,2017,72489,264650969,0.02739041549
Indonesia,2018,74729,267670549,0.02791827501
Indonesia,2019,79516,270625567,0.0293822941
Iran,2013,64438,76481963,0.08425254462
Iran,2014,79759,77465769,0.1029603153
Iran,2015,80014,78492208,0.101938781
Iran,2016,84679,79563991,0.1064287989
Iran,2017,89360,80673888,0.1107669436
Iran,2018,96040,81800204,0.1174080202
Iran,2019,99703,82913893,0.1202488466
Iraq,2013,10463,33157061,0.03155587282
Iraq,2014,15292,34411949,0.04443805261
Iraq,2015,20063,35572269,0.05640067548
Iraq,2016,23664,36610632,0.0646369612
Iraq,2017,24156,37552789,0.06432544864
Iraq,2018,24533,38433604,0.06383216104
Iraq,2019,29316,39309789,0.07457684395
Ireland,2013,31887,4623816,0.6896251927
Ireland,2014,30522,4657740,0.6552963454
Ireland,2015,29388,4701957,0.6250163496
Ireland,2016,28677,4755335,0.6030489965
Ireland,2017,29224,4807388,0.6078976775
Ireland,2018,28991,4867316,0.5956260083
Ireland,2019,29938,4934340,0.6067275461
Israel,2013,15051,8059500,0.1867485576
Israel,2014,17196,8215700,0.2093065716
Israel,2015,16599,8380100,0.1980763953
Israel,2016,16347,8546000,0.1912824713
Israel,2017,16878,8713300,0.193703878
Israel,2018,17648,8882800,0.1986760931
Israel,2019,17523,9054000,0.1935387674
Italy,2013,91898,60233948,0.1525684486
Italy,2014,96564,60789140,0.1588507421
Italy,2015,111168,60730582,0.1830511027
Italy,2016,125919,60627498,0.2076928855
Italy,2017,139889,60536709,0.2310812767
Italy,2018,141867,60421760,0.2347945508
Italy,2019,142246,59729081,0.2381519984
Jamaica,2013,6948,2858710,0.2430466889
Jamaica,2014,7186,2875137,0.2499359161
Jamaica,2015,7156,2891024,0.2475247525
Jamaica,2016,7716,2906242,0.265497505
Jamaica,2017,9009,2920848,0.3084378235
Jamaica,2018,9304,2934853,0.3170175815
Jamaica,2019,9385,2948277,0.3183215146
Japan,2013,58058,127445000,0.0455553376
Japan,2014,59830,127276000,0.04700807694
Japan,2015,58751,127141000,0.04620932665
Japan,2016,60428,126994511,0.04758315893
Japan,2017,60407,126785797,0.04764492666
Japan,2018,61091,126529100,0.04828217382
Japan,2019,62060,126264931,0.04915062283
Jordan,2013,12719,8518992,0.1493017014
Jordan,2014,12662,8918822,0.1419694215
Jordan,2015,14078,9266573,0.1519223989
Jordan,2016,16175,9554286,0.1692957485
Jordan,2017,17859,9785840,0.1824983854
Jordan,2018,21219,9965322,0.2129283931
Jordan,2019,24286,10101697,0.2404150511
Kazakhstan,2013,86261,17035551,0.5063587318
Kazakhstan,2014,118761,17288285,0.6869449457
Kazakhstan,2015,139946,17542806,0.7977401107
Kazakhstan,2016,163141,17794055,0.9168286824
Kazakhstan,2017,153731,18037776,0.8522724753
Kazakhstan,2018,163833,18276452,0.8964157814
Kazakhstan,2019,168142,18513673,0.908204439
Kenya,2013,18397,45519986,0.04041521454
Kenya,2014,19096,46700063,0.04089073713
Kenya,2015,19627,47878339,0.04099348559
Kenya,2016,20569,49051531,0.04193345158
Kenya,2017,22382,50221146,0.04456688424
Kenya,2018,24020,51392570,0.04673827365
Kenya,2019,25760,52573967,0.04899763413
Kiribati,2013,396,107887,0.3670507105
Kiribati,2014,390,109387,0.3565323119
Kiribati,2015,315,110927,0.2839705392
Kiribati,2016,330,112529,0.293257738
Kiribati,2017,359,114153,0.3144902017
Kiribati,2018,372,115842,0.3211270524
Kiribati,2019,435,117608,0.3698727978
North Korea,2013,2334,24929500,0.009362401974
North Korea,2014,1641,25057793,0.006548860867
North Korea,2015,1992,25183832,0.007909836756
North Korea,2016,1241,25307665,0.004903652708
North Korea,2017,1134,25429816,0.004459332305
North Korea,2018,1066,25549606,0.00417227569
North Korea,2019,810,25666158,0.0031559067
South Korea,2013,222957,50428893,0.4421215433
South Korea,2014,217346,50746659,0.4282961761
South Korea,2015,206764,51014947,0.4053008229
South Korea,2016,201117,51217803,0.3926701034
South Korea,2017,200257,51361911,0.3898939819
South Korea,2018,194577,51585058,0.3771964354
South Korea,2019,195317,51764822,0.3773160854
Kuwait,2013,17760,3526382,0.5036323348
Kuwait,2014,21052,3690939,0.5703697623
Kuwait,2015,26252,3835588,0.6844322174
Kuwait,2016,29231,3956862,0.7387419627
Kuwait,2017,32032,4056102,0.7897237298
Kuwait,2018,34291,4137314,0.828822758
Kuwait,2019,34514,4207077,0.8203795652
Kyrgyzstan,2013,9279,5719600,0.1622316246
Kyrgyzstan,2014,13241,5835500,0.2269042927
Kyrgyzstan,2015,15321,5956900,0.2571975356
Kyrgyzstan,2016,18558,6079500,0.3052553664
Kyrgyzstan,2017,18151,6198200,0.2928430835
Kyrgyzstan,2018,21669,6322800,0.3427120896
Kyrgyzstan,2019,22133,6456200,0.3428177566
Laos,2013,2416,6541302,0.036934543
Laos,2014,1520,6639763,0.02289238336
Laos,2015,1498,6741160,0.02222169478
Laos,2016,1692,6845848,0.0247157109
Laos,2017,1877,6953031,0.02699542113
Laos,2018,1948,7061498,0.02758621471
Laos,2019,2170,7169456,0.03026728946
Latvia,2013,12540,2012647,0.6230600796
Latvia,2014,11849,1993782,0.5942976715
Latvia,2015,11387,1977527,0.5758202037
Latvia,2016,10953,1959537,0.5589585703
Latvia,2017,10335,1942248,0.5321153632
Latvia,2018,10078,1927174,0.5229418828
Latvia,2019,9654,1913822,0.5044356267
Lebanon,2013,15691,5913016,0.2653637332
Lebanon,2014,18322,6261046,0.2926348089
Lebanon,2015,19376,6532681,0.2966010433
Lebanon,2016,21504,6714281,0.3202725653
Lebanon,2017,23024,6819373,0.3376263478
Lebanon,2018,24688,6859408,0.3599144416
Lebanon,2019,26247,6855709,0.3828488053
Lesotho,2013,276,2028528,0.01360592508
Lesotho,2014,331,2043448,0.01619811221
Lesotho,2015,249,2059011,0.01209318454
Lesotho,2016,267,2075041,0.01286721564
Lesotho,2017,241,2091532,0.01152265421
Lesotho,2018,256,2108327,0.01214232897
Lesotho,2019,477,2125267,0.02244423877
Liberia,2013,622,4248337,0.01464102306
Liberia,2014,710,4359508,0.01628624147
Liberia,2015,750,4472229,0.01677016092
Liberia,2016,839,4586788,0.01829166728
Liberia,2017,901,4702224,0.01916114587
Liberia,2018,1072,4818976,0.02224538989
Liberia,2019,1040,4937374,0.02106382867
Libya,2013,8199,6320350,0.1297238286
Libya,2014,8732,6362039,0.137251595
Libya,2015,11163,6418315,0.173924153
Libya,2016,13043,6492160,0.2009038594
Libya,2017,12393,6580723,0.1883227724
Libya,2018,10629,6678565,0.1591509553
Libya,2019,9357,6777453,0.138060714
Liechtenstein,2013,1943,36940,5.259880888
Liechtenstein,2014,1987,37219,5.338671109
Liechtenstein,2015,1995,37465,5.324969972
Liechtenstein,2016,2043,37655,5.425574293
Liechtenstein,2017,2050,37805,5.422563153
Liechtenstein,2018,2149,37918,5.667493011
Liechtenstein,2019,2312,38020,6.081009995
Lithuania,2013,23442,2957689,0.7925782596
Lithuania,2014,23210,2932367,0.7915107488
Lithuania,2015,22041,2904910,0.7587498408
Lithuania,2016,21002,2868231,0.7322283317
Lithuania,2017,20243,2828403,0.7157042331
Lithuania,2018,20403,2801543,0.7282772387
Lithuania,2019,20474,2794137,0.732748609
Luxembourg,2013,17888,543360,3.292108363
Luxembourg,2014,19556,556319,3.515249344
Luxembourg,2015,20069,569604,3.523324977
Luxembourg,2016,21140,582014,3.632215033
Luxembourg,2017,22002,596336,3.689530734
Luxembourg,2018,23124,607950,3.80360227
Luxembourg,2019,24159,620001,3.896606618
Macao,2013,3934,577368,0.6813678624
Macao,2014,3587,590210,0.607749784
Macao,2015,3897,602093,0.6472422034
Macao,2016,4347,612824,0.7093390598
Macao,2017,6217,622578,0.9985897349
Macao,2018,4708,631633,0.7453695421
Macao,2019,5062,640446,0.7903866993
Madagascar,2013,7370,22961259,0.03209754308
Madagascar,2014,7360,23589897,0.0311997971
Madagascar,2015,7476,24234080,0.03084911827
Madagascar,2016,7492,24894370,0.03009515806
Madagascar,2017,7668,25570511,0.02998766822
Madagascar,2018,7206,26262313,0.02743855806
Madagascar,2019,7416,26969306,0.02749792672
Malawi,2013,1777,15839287,0.01121893934
Malawi,2014,1924,16289550,0.01181125323
Malawi,2015,1966,16745305,0.01174060431
Malawi,2016,2015,17205253,0.01171153949
Malawi,2017,2060,17670193,0.01165805037
Malawi,2018,2121,18143215,0.0116903206
Malawi,2019,1873,18628749,0.01005435201
Malaysia,2013,91410,29468923,0.31019118
Malaysia,2014,99989,29866606,0.3347852782
Malaysia,2015,103477,30270965,0.3418358153
Malaysia,2016,105855,30684652,0.3449770263
Malaysia,2017,103904,31104655,0.3340464635
Malaysia,2018,102744,31528033,0.3258814148
Malaysia,2019,98752,31949789,0.3090849833
Maldives,2013,1653,415592,0.3977458661
Maldives,2014,1020,435018,0.2344730563
Maldives,2015,1096,454914,0.2409246583
Maldives,2016,1062,475505,0.2233415001
Maldives,2017,953,496398,0.1919830459
Maldives,2018,977,515704,0.1894497619
Maldives,2019,1015,530957,0.1911642562
Mali,2013,6398,16449854,0.03889396222
Mali,2014,6199,16934213,0.03660636606
Mali,2015,6658,17438772,0.03817929382
Mali,2016,6898,17965448,0.03839592533
Mali,2017,7178,18512429,0.03877395019
Mali,2018,7163,19077755,0.03754634652
Mali,2019,7504,19658023,0.03817270943
Malta,2013,3241,425967,0.7608570617
Malta,2014,2435,434558,0.5603394714
Malta,2015,2302,445053,0.5172417667
Malta,2016,2027,455356,0.4451462153
Malta,2017,2113,467999,0.4514966912
Malta,2018,2247,484630,0.4636526835
Malta,2019,2320,504062,0.4602608409
Marshall Islands,2013,123,56933,0.2160434195
Marshall Islands,2014,44,57183,0.07694594547
Marshall Islands,2015,42,57444,0.07311468561
Marshall Islands,2016,46,57723,0.07969093775
Marshall Islands,2017,338,58053,0.5822265861
Marshall Islands,2018,398,58412,0.6813668424
Marshall Islands,2019,66,58791,0.1122620809
Mauritania,2013,3073,3817497,0.08049777118
Mauritania,2014,3171,3930894,0.08066867232
Mauritania,2015,3091,4046304,0.07639070124
Mauritania,2016,3018,4163532,0.07248653307
Mauritania,2017,2961,4282582,0.06914053251
Mauritania,2018,2971,4403312,0.0674719393
Mauritania,2019,3084,4525698,0.06814418461
Mauritius,2013,9284,1258653,0.7376139413
Mauritius,2014,9351,1260934,0.7415931365
Mauritius,2015,9028,1262605,0.7150296411
Mauritius,2016,9399,1263473,0.7439019275
Mauritius,2017,10943,1264613,0.8653240161
Mauritius,2018,10476,1265303,0.8279439786
Mauritius,2019,11716,1265711,0.9256457438
Mexico,2013,54043,118827158,0.04548034381
Mexico,2014,53374,120355137,0.04434708923
Mexico,2015,55177,121858251,0.04527965858
Mexico,2016,63769,123333379,0.05170457545
Mexico,2017,65668,124777326,0.05262815137
Mexico,2018,64224,126190782,0.05089436723
Mexico,2019,65972,127575529,0.05171211165
Micronesia,2013,241,105922,0.2275259153
Micronesia,2014,105,107444,0.09772532668
Micronesia,2015,133,108886,0.1221460978
Micronesia,2016,77,110215,0.06986344871
Micronesia,2017,95,111461,0.08523160567
Micronesia,2018,130,112640,0.1154119318
Micronesia,2019,142,113811,0.1247682561
Moldova,2013,17925,2858692,0.6270350216
Moldova,2014,21734,2856950,0.76074135
Moldova,2015,23760,2834530,0.8382342046
Moldova,2016,22745,2802170,0.811692367
Moldova,2017,18320,2755158,0.6649346426
Moldova,2018,21246,2708214,0.7845022587
Moldova,2019,8764,2664974,0.3288587431
Monaco,2013,695,36899,1.883519879
Monaco,2014,691,37320,1.851554126
Monaco,2015,685,37723,1.815868303
Monaco,2016,735,38070,1.930654058
Monaco,2017,840,38392,2.187955824
Monaco,2018,760,38682,1.964738121
Monaco,2019,908,38967,2.330176816
Mongolia,2013,13262,2881783,0.4602012018
Mongolia,2014,17194,2940111,0.5848078525
Mongolia,2015,17427,2998433,0.581203582
Mongolia,2016,18522,3056358,0.6060153948
Mongolia,2017,19583,3113788,0.6289124372
Mongolia,2018,22459,3170214,0.7084379793
Mongolia,2019,24938,3225166,0.7732315174
Montenegro,2013,1167,621207,0.1878600853
Montenegro,2014,1492,621810,0.2399446776
Montenegro,2015,1749,622159,0.2811178493
Montenegro,2016,1844,622303,0.2963186743
Montenegro,2017,1984,622373,0.3187798957
Montenegro,2018,2110,622227,0.339104539
Montenegro,2019,1918,622028,0.3083462481
Morocco,2013,68743,33715705,0.2038901456
Morocco,2014,73859,34192358,0.2160102559
Morocco,2015,79556,34663608,0.2295087113
Morocco,2016,83247,35126274,0.2369935394
Morocco,2017,89268,35581257,0.2508848971
Morocco,2018,90618,36029089,0.2515134368
Morocco,2019,95846,36471766,0.2627950618
Mozambique,2013,1815,25560752,0.007100730057
Mozambique,2014,2395,26286192,0.009111247456
Mozambique,2015,2990,27042001,0.01105687408
Mozambique,2016,3339,27829930,0.01199787423
Mozambique,2017,3723,28649007,0.01299521481
Mozambique,2018,4023,29496009,0.01363913335
Mozambique,2019,4856,30366043,0.01599154687
Myanmar,2013,7465,51852464,0.01439661575
Myanmar,2014,8612,52280816,0.01647258145
Myanmar,2015,9444,52680724,0.01792686069
Myanmar,2016,10428,53045199,0.01965870653
Myanmar,2017,11517,53382521,0.02157447753
Myanmar,2018,14212,53708318,0.02646145053
Myanmar,2019,17053,54045422,0.03155308881
Namibia,2013,716,2233506,0.03205722304
Namibia,2014,1357,2273426,0.05968964901
Namibia,2015,2030,2314901,0.08769273502
Namibia,2016,2094,2358044,0.0888024142
Namibia,2017,1931,2402623,0.08037049508
Namibia,2018,2295,2448300,0.09373851244
Namibia,2019,2242,2494524,0.08987686629
Nauru,2013,31,10208,0.3036833856
Nauru,2014,139,10289,1.350957333
Nauru,2015,156,10374,1.503759398
Nauru,2016,162,10474,1.546687035
Nauru,2017,70,10577,0.6618133686
Nauru,2018,58,10678,0.5431728788
Nauru,2019,52,10764,0.4830917874
Nepal,2013,48044,26916795,0.1784907899
Nepal,2014,52212,26905982,0.1940535008
Nepal,2015,61555,27015033,0.2278546171
Nepal,2016,77873,27263430,0.2856317052
Nepal,2017,104174,27632682,0.376995617
Nepal,2018,137412,28095712,0.4890853095
Nepal,2019,156952,28608715,0.5486160423
Netherlands,2013,24820,16804432,0.1476991308
Netherlands,2014,28221,16865008,0.1673346375
Netherlands,2015,28511,16939923,0.1683065502
Netherlands,2016,32023,17030314,0.1880352881
Netherlands,2017,34944,17131296,0.2039775625
Netherlands,2018,33022,17231624,0.1916360292
Netherlands,2019,37954,17344874,0.2188196928
New Zealand,2013,10392,4442100,0.2339434051
New Zealand,2014,10110,4516500,0.2238458984
New Zealand,2015,10141,4609400,0.2200069423
New Zealand,2016,10723,4714100,0.2274665366
New Zealand,2017,9134,4813600,0.1897540302
New Zealand,2018,9628,4900600,0.1964657389
New Zealand,2019,9920,4979300,0.1992247906
Nicaragua,2013,1692,6062462,0.02790945329
Nicaragua,2014,1702,6142734,0.02770753218
Nicaragua,2015,1628,6223234,0.02616003191
Nicaragua,2016,1742,6303970,0.02763338023
Nicaragua,2017,1796,6384843,0.02812911766
Nicaragua,2018,2431,6465502,0.0375995553
Nicaragua,2019,2420,6545503,0.03697194853
Niger,2013,2238,18504287,0.01209449464
Niger,2014,2441,19240182,0.01268699018
Niger,2015,2649,20001663,0.01324389877
Niger,2016,2942,20788789,0.01415185848
Niger,2017,2945,21602388,0.01363275208
Niger,2018,3260,22442831,0.01452579668
Niger,2019,3313,23310719,0.01421234583
Nigeria,2013,66056,171765819,0.03845701105
Nigeria,2014,75483,176404931,0.04278962021
Nigeria,2015,83281,181137454,0.04597668685
Nigeria,2016,86668,185960244,0.04660566051
Nigeria,2017,83870,190873247,0.04394015469
Nigeria,2018,83351,195874685,0.04255322734
Nigeria,2019,85788,200963603,0.042688327
Republic of North Macedonia,2013,3746,2064032,0.1814894343
Republic of North Macedonia,2014,4479,2067471,0.216641491
Republic of North Macedonia,2015,6220,2070226,0.300450289
Republic of North Macedonia,2016,6496,2072490,0.3134393893
Republic of North Macedonia,2017,6992,2074502,0.3370447462
Republic of North Macedonia,2018,7110,2076217,0.3424497536
Republic of North Macedonia,2019,9099,2076694,0.4381483261
Norway,2013,34705,5079623,0.6832199949
Norway,2014,34859,5137232,0.6785560784
Norway,2015,36043,5188607,0.6946565812
Norway,2016,36729,5234519,0.701669055
Norway,2017,34451,5276968,0.6528559582
Norway,2018,33425,5311916,0.6292456432
Norway,2019,32711,5347896,0.6116611093
Oman,2013,6442,3764805,0.17111112
Oman,2014,9087,4027255,0.2256375621
Oman,2015,11969,4267341,0.2804791087
Oman,2016,14902,4479217,0.3326920754
Oman,2017,15324,4665926,0.3284235541
Oman,2018,15870,4829476,0.3286070787
Oman,2019,15507,4974992,0.3116989937
Pakistan,2013,51315,191260799,0.02682985759
Pakistan,2014,57535,195305012,0.02945904942
Pakistan,2015,62844,199426953,0.03151229012
Pakistan,2016,70225,203631356,0.03448633913
Pakistan,2017,73828,207906210,0.03551024282
Pakistan,2018,81627,212228288,0.03846188497
Pakistan,2019,87726,216565317,0.04050787135
Palau,2013,78,17603,0.4431062887
Palau,2014,32,17625,0.1815602837
Palau,2015,56,17665,0.3170110388
Palau,2016,62,17718,0.3499266283
Palau,2017,56,17809,0.3144477511
Palau,2018,121,17911,0.6755625035
Palau,2019,109,18001,0.6055219154
Panama,2013,3987,3835447,0.1039513778
Panama,2014,4181,3901311,0.1071691029
Panama,2015,4207,3968490,0.1060100945
Panama,2016,4901,4037073,0.121399836
Panama,2017,5260,4106764,0.1280813799
Panama,2018,5653,4176868,0.1353406428
Panama,2019,6378,4246440,0.1501963998
Papua New Guinea,2013,2520,7788388,0.03235586106
Papua New Guinea,2014,2645,7946733,0.03328411814
Papua New Guinea,2015,2806,8107772,0.03460876798
Papua New Guinea,2016,2984,8271766,0.03607452145
Papua New Guinea,2017,2595,8438038,0.03075359462
Papua New Guinea,2018,2565,8606324,0.0298036653
Papua New Guinea,2019,2938,8776119,0.03347721242
Paraguay,2013,3282,6510273,0.05041263247
Paraguay,2014,4038,6599524,0.06118623101
Paraguay,2015,4360,6688746,0.06518411672
Paraguay,2016,4824,6777878,0.07117271807
Paraguay,2017,6056,6867058,0.08818914883
Paraguay,2018,6000,6956069,0.08625561362
Paraguay,2019,6023,7044639,0.0854976387
Peru,2013,20945,29773986,0.07034664421
Peru,2014,22350,30090372,0.07427625022
Peru,2015,24538,30470739,0.08052971738
Peru,2016,27292,30926036,0.08824926673
Peru,2017,29697,31444299,0.09444319303
Peru,2018,32064,31989265,0.1002336252
Peru,2019,29770,32510462,0.09157052274
Philippines,2013,19532,98871558,0.01975492285
Philippines,2014,22748,100513137,0.02263186751
Philippines,2015,24719,102113206,0.02420744678
Philippines,2016,27554,103663812,0.02658015316
Philippines,2017,29098,105172921,0.02766681739
Philippines,2018,31886,106651394,0.02989740575
Philippines,2019,39460,108116622,0.03649762568
Poland,2013,43787,38040196,0.1151071882
Poland,2014,46322,38011735,0.121862367
Poland,2015,45313,37986412,0.1192873915
Poland,2016,46576,37970087,0.122664981
Poland,2017,47777,37974826,0.1258122947
Poland,2018,50368,37974750,0.1326355012
Poland,2019,47894,37965475,0.1261514573
Portugal,2013,20702,10457295,0.1979670651
Portugal,2014,20376,10401062,0.1959030722
Portugal,2015,21375,10358076,0.206360718
Portugal,2016,24873,10325452,0.2408901809
Portugal,2017,27320,10300300,0.2652349932
Portugal,2018,28998,10283822,0.2819768759
Portugal,2019,40487,10286263,0.3936026135
Puerto Rico,2013,265,3593077,0.007375294212
Puerto Rico,2014,237,3534874,0.006704623701
Puerto Rico,2015,319,3473232,0.009184528992
Puerto Rico,2016,433,3406672,0.01271035192
Puerto Rico,2017,524,3325286,0.01575804307
Puerto Rico,2018,606,3193354,0.01897691268
Puerto Rico,2019,612,3193694,0.01916276262
Qatar,2013,7557,2336579,0.3234215492
Qatar,2014,6729,2459202,0.2736253468
Qatar,2015,7919,2565708,0.3086477495
Qatar,2016,9335,2654379,0.3516830114
Qatar,2017,9991,2724727,0.366678937
Qatar,2018,9333,2781682,0.335516425
Qatar,2019,8892,2832071,0.3139751793
Romania,2013,57058,19983693,0.285522801
Romania,2014,63732,19908979,0.3201168679
Romania,2015,63541,19815616,0.3206612401
Romania,2016,65463,19702267,0.332261257
Romania,2017,68944,19588715,0.3519577471
Romania,2018,71246,19473970,0.3658524687
Romania,2019,65886,19371648,0.3401156164
Russian Federation,2013,77302,143506995,0.0538663638
Russian Federation,2014,88720,143819667,0.06168836422
Russian Federation,2015,92152,144096870,0.06395142379
Russian Federation,2016,95849,144342397,0.06640391319
Russian Federation,2017,95817,144496739,0.06631083903
Russian Federation,2018,94936,144477859,0.06570972235
Russian Federation,2019,78578,144406261,0.05441453816
Rwanda,2013,3957,10811538,0.03659978812
Rwanda,2014,4464,11083629,0.04027561731
Rwanda,2015,4770,11369066,0.04195595311
Rwanda,2016,5274,11668829,0.04519733728
Rwanda,2017,5739,11980960,0.04790100292
Rwanda,2018,6083,12301969,0.04944736895
Rwanda,2019,6779,12626938,0.05368680831
Samoa,2013,605,190712,0.3172322665
Samoa,2014,619,192220,0.3220268442
Samoa,2015,579,193510,0.2992093432
Samoa,2016,620,194540,0.3187005243
Samoa,2017,541,195358,0.276927487
Samoa,2018,655,196128,0.3339655735
Samoa,2019,745,197093,0.3779941449
San Marino,2013,3617,32554,11.1107698
San Marino,2014,1941,32941,5.892352995
San Marino,2015,1605,33270,4.824165915
San Marino,2016,1666,33503,4.972689013
San Marino,2017,1662,33671,4.935998337
San Marino,2018,1890,33784,5.594364196
San Marino,2019,3473,33864,10.2557288
Sao Tome and Principe,2013,622,192076,0.3238301506
Sao Tome and Principe,2014,945,195727,0.48281535
Sao Tome and Principe,2015,903,199439,0.4527700199
Sao Tome and Principe,2016,1220,203221,0.6003316586
Sao Tome and Principe,2017,1634,207086,0.7890441652
Sao Tome and Principe,2018,2188,211032,1.036809583
Sao Tome and Principe,2019,2192,215048,1.019307317
Saudi Arabia,2013,120947,30052058,0.4024582942
Saudi Arabia,2014,141089,30916603,0.4563535004
Saudi Arabia,2015,155400,31717676,0.4899476242
Saudi Arabia,2016,164628,32443443,0.5074307311
Saudi Arabia,2017,154486,33101183,0.4667083953
Saudi Arabia,2018,138686,33702757,0.4114974926
Saudi Arabia,2019,114128,34268529,0.3330402656
Senegal,2013,19200,13782429,0.13930781
Senegal,2014,19263,14174740,0.1358966725
Senegal,2015,19417,14578450,0.1331897424
Senegal,2016,19780,14993514,0.1319237105
Senegal,2017,20777,15419354,0.1347462416
Senegal,2018,23022,15854324,0.1452095971
Senegal,2019,25174,16296362,0.1544761954
Serbia,2013,14416,7164132,0.2012246564
Serbia,2014,17870,7130576,0.2506108903
Serbia,2015,18083,7095383,0.254855869
Serbia,2016,20136,7058322,0.2852802692
Serbia,2017,21553,7020858,0.3069852716
Serbia,2018,22436,6982604,0.3213127939
Serbia,2019,17584,6945235,0.2531807779
Seychelles,2013,529,89949,0.5881110407
Seychelles,2014,460,91359,0.5035081382
Seychelles,2015,398,93419,0.4260375298
Seychelles,2016,532,94677,0.5619104957
Seychelles,2017,490,95843,0.511252778
Seychelles,2018,524,96762,0.5415349001
Seychelles,2019,578,97625,0.5920614597
Sierra Leone,2013,878,6863975,0.01279142188
Sierra Leone,2014,934,7017153,0.01331024135
Sierra Leone,2015,961,7171909,0.01339950075
Sierra Leone,2016,1104,7328846,0.01506376311
Sierra Leone,2017,1217,7488427,0.01625174419
Sierra Leone,2018,1175,7650149,0.01535917797
Sierra Leone,2019,1205,7813207,0.01542260432
Singapore,2013,42971,5399162,0.7958827685
Singapore,2014,44438,5469724,0.8124358743
Singapore,2015,46143,5535002,0.8336582354
Singapore,2016,46901,5607283,0.83643005
Singapore,2017,44612,5612253,0.7949035797
Singapore,2018,44332,5638676,0.7862129337
Singapore,2019,43667,5703569,0.765608341
Sint Maarten,2013,28,36607,0.07648810337
Sint Maarten,2014,118,37685,0.3131219318
Sint Maarten,2015,165,38825,0.4249839021
Sint Maarten,2016,264,39969,0.6605118967
Sint Maarten,2017,181,40574,0.4460984867
Sint Maarten,2018,195,40895,0.4768309084
Sint Maarten,2019,278,41608,0.6681407422
Slovakia,2013,65818,5413393,1.215836353
Slovakia,2014,63956,5418649,1.180294202
Slovakia,2015,62888,5423801,1.159482068
Slovakia,2016,63749,5430798,1.173842224
Slovakia,2017,64581,5439232,1.187318357
Slovakia,2018,62561,5446771,1.148588769
Slovakia,2019,61485,5454147,1.12730735
Slovenia,2013,4503,2059953,0.2185972204
Slovenia,2014,4598,2061980,0.2229895537
Slovenia,2015,4989,2063531,0.2417700534
Slovenia,2016,5314,2065042,0.2573313279
Slovenia,2017,5801,2066388,0.2807314018
Slovenia,2018,5571,2073894,0.2686251081
Slovenia,2019,19480,2088385,0.9327781994
Solomon Islands,2013,550,571329,0.09626677449
Solomon Islands,2014,544,587079,0.09266214598
Solomon Islands,2015,538,603133,0.08920088936
Solomon Islands,2016,597,619438,0.09637768429
Solomon Islands,2017,506,636030,0.07955599579
Solomon Islands,2018,626,652856,0.0958863823
Solomon Islands,2019,693,669821,0.1034604768
Somalia,2013,999,13063711,0.007647137938
Somalia,2014,1773,13423571,0.01320810982
Somalia,2015,2517,13797204,0.01824282659
Somalia,2016,3517,14185635,0.0247926864
Somalia,2017,4210,14589165,0.02885703191
Somalia,2018,5469,15008225,0.03644001872
Somalia,2019,8306,15442906,0.05378521374
South Africa,2013,10953,53687125,0.02040153948
South Africa,2014,11549,54544184,0.02117365987
South Africa,2015,11193,55386369,0.02020894347
South Africa,2016,11993,56207649,0.02133695362
South Africa,2017,12773,57009751,0.02240493911
South Africa,2018,15271,57792520,0.02642383478
South Africa,2019,12647,58558267,0.02159729215
South Sudan,2013,112,10355030,0.001081599957
South Sudan,2014,80,10554882,0.0007579431016
South Sudan,2015,153,10715657,0.001427817258
South Sudan,2016,344,10832520,0.003175623031
South Sudan,2017,292,10910774,0.002676253765
South Sudan,2018,471,10975924,0.004291210471
South Sudan,2019,450,11062114,0.004067938551
Spain,2013,54008,46620045,0.115847164
Spain,2014,62525,46480882,0.1345176712
Spain,2015,66139,46444832,0.1424033572
Spain,2016,72431,46484062,0.1558189988
Spain,2017,78597,46593236,0.1686875752
Spain,2018,79669,46797754,0.1702410761
Spain,2019,74144,47134837,0.1573019124
Sri Lanka,2013,24352,20585000,0.1182997328
Sri Lanka,2014,25607,20778000,0.1232409279
Sri Lanka,2015,25748,20970000,0.1227849309
Sri Lanka,2016,29028,21203000,0.1369051549
Sri Lanka,2017,32532,21444000,0.1517067711
Sri Lanka,2018,39063,21670000,0.1802630365
Sri Lanka,2019,47092,21803000,0.2159886254
Saint Kitts and Nevis,2013,628,50328,1.247814338
Saint Kitts and Nevis,2014,519,50776,1.022136442
Saint Kitts and Nevis,2015,516,51204,1.007733771
Saint Kitts and Nevis,2016,633,51629,1.226055124
Saint Kitts and Nevis,2017,644,52036,1.237604735
Saint Kitts and Nevis,2018,614,52438,1.170906594
Saint Kitts and Nevis,2019,500,52834,0.9463602983
Saint Lucia,2013,1144,177505,0.6444888876
Saint Lucia,2014,1079,178307,0.6051360855
Saint Lucia,2015,892,179131,0.4979595938
Saint Lucia,2016,904,180028,0.5021441109
Saint Lucia,2017,899,180955,0.4968085988
Saint Lucia,2018,930,181890,0.5112980373
Saint Lucia,2019,844,182795,0.4617194125
Saint Vincent and the Grenadines,2013,453,108624,0.4170349094
Saint Vincent and the Grenadines,2014,455,108868,0.4179373186
Saint Vincent and the Grenadines,2015,352,109135,0.3225363082
Saint Vincent and the Grenadines,2016,351,109467,0.3206445778
Saint Vincent and the Grenadines,2017,347,109826,0.3159543278
Saint Vincent and the Grenadines,2018,338,110210,0.3066872335
Saint Vincent and the Grenadines,2019,379,110593,0.3426980008
Sudan,2013,2095,37072555,0.005651080698
Sudan,2014,2738,37977657,0.007209502155
Sudan,2015,2864,38902948,0.007361909951
Sudan,2016,3587,39847433,0.009001834572
Sudan,2017,4272,40813398,0.01046715101
Sudan,2018,4845,41801532,0.01159048429
Sudan,2019,5419,42813237,0.01265730036
Suriname,2013,1474,547295,0.2693245873
Suriname,2014,1611,553278,0.2911736957
Suriname,2015,1639,559136,0.2931308304
Suriname,2016,1656,564883,0.2931580522
Suriname,2017,1635,570501,0.2865902076
Suriname,2018,1635,575987,0.2838605732
Suriname,2019,1840,581363,0.3164976099
Sweden,2013,34315,9600379,0.3574338055
Sweden,2014,32787,9696110,0.3381459162
Sweden,2015,32774,9799186,0.3344563518
Sweden,2016,32517,9923085,0.3276904309
Sweden,2017,31033,10057698,0.3085497298
Sweden,2018,29753,10175214,0.2924066265
Sweden,2019,27016,10278887,0.2628300126
Switzerland,2013,21977,8089346,0.2716783285
Switzerland,2014,25160,8188649,0.3072545911
Switzerland,2015,24078,8282396,0.2907129773
Switzerland,2016,25179,8373338,0.3007044502
Switzerland,2017,26952,8451840,0.3188891413
Switzerland,2018,31065,8514329,0.3648555277
Switzerland,2019,29552,8575280,0.3446184848
Syrian Arab Republic,2013,10801,19578466,0.05516775421
Syrian Arab Republic,2014,15324,18710711,0.08189961354
Syrian Arab Republic,2015,23640,17997411,0.1313522262
Syrian Arab Republic,2016,34568,17465567,0.1979208577
Syrian Arab Republic,2017,49943,17095669,0.2921383188
Syrian Arab Republic,2018,71385,16945062,0.4212731709
Syrian Arab Republic,2019,94406,17070132,0.5530478616
Tajikistan,2013,14649,8059782,0.1817542956
Tajikistan,2014,19321,8252828,0.2341136881
Tajikistan,2015,24367,8454019,0.2882297757
Tajikistan,2016,33246,8663575,0.3837445858
Tajikistan,2017,31340,8880270,0.3529171973
Tajikistan,2018,42476,9100847,0.4667257894
Tajikistan,2019,46902,9321023,0.5031851118
Tanzania,2013,6170,48483132,0.01272607553
Tanzania,2014,6718,49960563,0.01344660588
Tanzania,2015,6725,51482638,0.01306265619
Tanzania,2016,6860,53049231,0.01293138443
Tanzania,2017,6607,54660345,0.0120873734
Tanzania,2018,6655,56313444,0.01181778191
Tanzania,2019,6765,58005461,0.011662695
Thailand,2013,42286,68144519,0.06205341328
Thailand,2014,43076,68438748,0.06294095269
Thailand,2015,47269,68714519,0.06879041095
Thailand,2016,49214,68971313,0.07135430349
Thailand,2017,53053,69209817,0.07665531033
Thailand,2018,54740,69428454,0.07884375475
Thailand,2019,54062,69625581,0.07764674883
Timor-Leste,2013,1188,1153288,0.1030098293
Timor-Leste,2014,1472,1174333,0.1253477506
Timor-Leste,2015,1596,1196294,0.1334120208
Timor-Leste,2016,1513,1219289,0.1240887107
Timor-Leste,2017,1537,1243260,0.1236265946
Timor-Leste,2018,1494,1267975,0.1178256669
Timor-Leste,2019,1358,1293120,0.1050173224
Togo,2013,4190,6954721,0.06024684527
Togo,2014,5064,7137997,0.0709442719
Togo,2015,6821,7323162,0.09314282546
Togo,2016,5629,7509952,0.07495387454
Togo,2017,6306,7698476,0.08191231615
Togo,2018,7024,7889095,0.08903429354
Togo,2019,7265,8082359,0.0898871233
Tonga,2013,922,101768,0.9059822341
Tonga,2014,955,101023,0.9453292815
Tonga,2015,844,100780,0.8374677515
Tonga,2016,882,101143,0.8720326666
Tonga,2017,844,102002,0.8274347562
Tonga,2018,903,103199,0.8750084788
Tonga,2019,1052,104497,1.006727466
Trinidad and Tobago,2013,7020,1353708,0.5185756456
Trinidad and Tobago,2014,5382,1362337,0.3950564361
Trinidad and Tobago,2015,5348,1370332,0.390270387
Trinidad and Tobago,2016,5339,1377563,0.3875684814
Trinidad and Tobago,2017,5104,1384060,0.36877014
Trinidad and Tobago,2018,5086,1389841,0.36594114
Trinidad and Tobago,2019,4931,1394969,0.3534845577
Tunisia,2013,27401,10952949,0.2501700684
Tunisia,2014,30128,11063195,0.272326394
Tunisia,2015,31491,11179951,0.2816738642
Tunisia,2016,34845,11303942,0.3082552971
Tunisia,2017,38311,11433438,0.3350785652
Tunisia,2018,41262,11565203,0.3567771357
Tunisia,2019,42480,11694721,0.3632408161
Turkey,2013,60556,75925454,0.07975717867
Turkey,2014,63253,77229262,0.08190289323
Turkey,2015,62276,78529413,0.07930277029
Turkey,2016,63872,79827868,0.08001215816
Turkey,2017,66997,81116451,0.08259360361
Turkey,2018,71927,82340090,0.08735356009
Turkey,2019,74511,83429607,0.08931002156
Turkmenistan,2013,27071,5366376,0.5044558935
Turkmenistan,2014,46295,5466324,0.8469128431
Turkmenistan,2015,51865,5565283,0.9319382321
Turkmenistan,2016,53884,5662371,0.9516154982
Turkmenistan,2017,56824,5757667,0.9869275177
Turkmenistan,2018,69476,5850902,1.187440842
Turkmenistan,2019,92235,5942094,1.552230577
Turks and Caicos Islands,2013,224,34733,0.6449198169
Turks and Caicos Islands,2014,232,35371,0.6559045546
Turks and Caicos Islands,2015,257,35979,0.7143055671
Turks and Caicos Islands,2016,316,36558,0.8643798895
Turks and Caicos Islands,2017,352,37116,0.948378058
Turks and Caicos Islands,2018,343,37667,0.9106114105
Turks and Caicos Islands,2019,336,38194,0.8797193276
Tuvalu,2013,93,10849,0.8572218638
Tuvalu,2014,96,10973,0.8748746924
Tuvalu,2015,116,11099,1.045139202
Tuvalu,2016,114,11232,1.014957265
Tuvalu,2017,102,11365,0.8974923009
Tuvalu,2018,121,11505,1.051716645
Tuvalu,2019,131,11655,1.123981124
Uganda,2013,5465,35694519,0.01531047386
Uganda,2014,6021,36911530,0.01631197623
Uganda,2015,5034,38225447,0.01316923776
Uganda,2016,6540,39649173,0.01649466938
Uganda,2017,6476,41166588,0.01573120415
Uganda,2018,6840,42729032,0.01600785152
Uganda,2019,6456,44269587,0.01458337526
Ukraine,2013,75507,45489648,0.1659872154
Ukraine,2014,95579,45272155,0.2111209418
Ukraine,2015,131845,45154036,0.2919894027
Ukraine,2016,150571,45004673,0.3345674792
Ukraine,2017,151069,44831135,0.3369734003
Ukraine,2018,151659,44622518,0.3398710041
Ukraine,2019,150006,44386203,0.337956369
United Arab Emirates,2013,14849,9197908,0.1614388837
United Arab Emirates,2014,16403,9214182,0.178019058
United Arab Emirates,2015,16877,9262896,0.1822000377
United Arab Emirates,2016,18032,9360975,0.1926295071
United Arab Emirates,2017,18415,9487206,0.1941035116
United Arab Emirates,2018,19991,9630966,0.2075700402
United Arab Emirates,2019,22141,9770526,0.2266101129
United Kingdom,2013,49161,64128273,0.07666041467
United Kingdom,2014,56495,64602298,0.08745044952
United Kingdom,2015,55537,65116219,0.08528904296
United Kingdom,2016,60615,65611593,0.09238458819
United Kingdom,2017,63009,66058859,0.09538311886
United Kingdom,2018,67202,66460344,0.1011159376
United Kingdom,2019,68246,66836327,0.1021091419
United States of America,2013,98772,316059947,0.03125103353
United States of America,2014,103380,318386329,0.03246998711
United States of America,2015,104880,320738994,0.03269948524
United States of America,2016,110085,323071755,0.03407447364
United States of America,2017,139213,325122128,0.04281867889
United States of America,2018,130985,326838199,0.0400764049
United States of America,2019,164307,328329953,0.05004325633
Uruguay,2013,2679,3389436,0.07903969864
Uruguay,2014,2943,3400439,0.0865476487
Uruguay,2015,3067,3412013,0.08988828589
Uruguay,2016,3207,3424139,0.09365858103
Uruguay,2017,3674,3436645,0.1069065906
Uruguay,2018,3957,3449290,0.1147192611
Uruguay,2019,4190,3461731,0.1210377121
Uzbekistan,2013,26726,30243200,0.08837027828
Uzbekistan,2014,33089,30757700,0.1075795654
Uzbekistan,2015,41422,31298900,0.1323433092
Uzbekistan,2016,50960,31847900,0.1600105501
Uzbekistan,2017,54727,32388600,0.1689699462
Uzbekistan,2018,69366,32956100,0.2104800022
Uzbekistan,2019,77357,33580350,0.2303638884
Vanuatu,2013,320,256637,0.1246897369
Vanuatu,2014,281,263888,0.1064845692
Vanuatu,2015,276,271128,0.1017969372
Vanuatu,2016,264,278326,0.09485279852
Vanuatu,2017,287,285499,0.1005257461
Vanuatu,2018,305,292675,0.1042111557
Vanuatu,2019,311,299882,0.1037074583
Venezuela,2013,21908,29781046,0.07356356791
Venezuela,2014,23925,30042973,0.07963592684
Venezuela,2015,27688,30081827,0.09204228187
Venezuela,2016,29333,29851249,0.09826389509
Venezuela,2017,32037,29402480,0.1089601966
Venezuela,2018,32769,28887117,0.1134381115
Venezuela,2019,33460,28515829,0.1173383386
Viet Nam,2013,106647,90752593,0.1175139976
Viet Nam,2014,117034,91713850,0.1276077713
Viet Nam,2015,130356,92677082,0.1406561333
Viet Nam,2016,159237,93640435,0.1700515381
Viet Nam,2017,183075,94600643,0.1935240546
Viet Nam,2018,210964,95545959,0.2207984537
Viet Nam,2019,247435,96462108,0.2565100485
"Palestine, State of",2013,4178,4076708,0.1024846518
"Palestine, State of",2014,5224,4173398,0.1251737793
"Palestine, State of",2015,6481,4270092,0.1517765894
"Palestine, State of",2016,7686,4367088,0.1759982854
"Palestine, State of",2017,9175,4454805,0.2059573876
"Palestine, State of",2018,11236,4569087,0.2459134615
"Palestine, State of",2019,13166,4685306,0.2810061926
Yemen,2013,2847,25147112,0.01132137957
Yemen,2014,3920,25823488,0.01517997879
Yemen,2015,4740,26497881,0.01788822284
Yemen,2016,5823,27168210,0.02143313822
Yemen,2017,7239,27834811,0.02600700253
Yemen,2018,8460,28498683,0.02968558231
Yemen,2019,10933,29161922,0.0374906702
Zambia,2013,3935,14926551,0.02636241956
Zambia,2014,4317,15399793,0.02803284434
Zambia,2015,4134,15879370,0.02603377842
Zambia,2016,4270,16363449,0.02609474323
Zambia,2017,4326,16853608,0.02566809433
Zambia,2018,4374,17351714,0.02520788436
Zambia,2019,4336,17861034,0.02427631009
Zimbabwe,2013,7239,13350378,0.05422318379
Zimbabwe,2014,7409,13586710,0.05453122941
Zimbabwe,2015,7661,13814642,0.0554556535
Zimbabwe,2016,8389,14030338,0.05979185961
Zimbabwe,2017,9718,14236599,0.06826068501
Zimbabwe,2018,10532,14438812,0.07294228916
Zimbabwe,2019,11124,14645473,0.07595521155